name,price,brand,category,original_price,stock,description,is_featured,tags,image_url
Giày Lotto Mirage 700 Nữ – Size 37,1287300,Lotto,giay-pickleball,1839000,5,Giày Pickleball Lotto Mirage 700 dòng nữ. Đế Grippy cao su non bám sân tốt. Lớp đệm EVA êm chân. Size 37.,false,giày;lotto;mirage;nữ,
Giày Lotto Mirage 700 Nam – Size 41,1287300,Lotto,giay-pickleball,1839000,5,Giày Pickleball Lotto Mirage 700 dòng nam. Đế Grippy cao su non bám sân tốt. Lớp đệm EVA êm chân. Size 41.,false,giày;lotto;mirage;nam,
Giày Lotto Mirage 400 – Size 37,1329300,Lotto,giay-pickleball,1899000,4,Giày Pickleball Lotto Mirage 400 đa năng. Đế cao su non siêu bám mọi mặt sân. Thiết kế thoáng khí. Size 37.,false,giày;lotto;mirage,
Giày Lotto Mirage 400 – Size 38,1329300,Lotto,giay-pickleball,1899000,0,Giày Pickleball Lotto Mirage 400 đa năng. Đế cao su non siêu bám mọi mặt sân. Thiết kế thoáng khí. Size 38.,false,giày;lotto;mirage,
Giày Lotto Mirage 400 – Size 41,1679300,Lotto,giay-pickleball,2399000,0,Giày Pickleball Lotto Mirage 400 đa năng. Đế cao su non siêu bám mọi mặt sân. Thiết kế thoáng khí. Size 41.,false,giày;lotto;mirage,
Giày Lotto Mirage 300 – Size 43,1679300,Lotto,giay-pickleball,2399000,0,Giày Pickleball Lotto Mirage 300. Đế cao su non siêu bám mọi mặt sân. Thiết kế thoáng khí nhẹ nhàng. Size 43.,false,giày;lotto;mirage,
Giày Lotto Mirage 300 – Size 44,1679300,Lotto,giay-pickleball,2399000,1,Giày Pickleball Lotto Mirage 300. Đế cao su non siêu bám mọi mặt sân. Thiết kế thoáng khí nhẹ nhàng. Size 44.,false,giày;lotto;mirage,
Giày Diadora Nishin Nam – Size 39,699300,Lotto,giay-pickleball,999000,3,Giày thể thao Diadora Nishin nam thiết kế đơn giản phù hợp chơi Pickleball và đi chơi. Đế cao su bám tốt. Size 39.,false,giày;diadora;nam,
Giày Diadora Nishin Nam – Size 40,699300,Lotto,giay-pickleball,999000,3,Giày thể thao Diadora Nishin nam thiết kế đơn giản phù hợp chơi Pickleball và đi chơi. Đế cao su bám tốt. Size 40.,false,giày;diadora;nam,
Giày Diadora Nishin Nam – Size 41,699300,Lotto,giay-pickleball,999000,3,Giày thể thao Diadora Nishin nam thiết kế đơn giản phù hợp chơi Pickleball và đi chơi. Đế cao su bám tốt. Size 41.,false,giày;diadora;nam,
Giày Diadora Nishin Nam – Size 42,699300,Lotto,giay-pickleball,999000,1,Giày thể thao Diadora Nishin nam thiết kế đơn giản phù hợp chơi Pickleball và đi chơi. Đế cao su bám tốt. Size 42.,false,giày;diadora;nam,
Giày Diadora Nishin Nữ – Size 36,699300,Lotto,giay-pickleball,999000,4,Giày thể thao Diadora Nishin nữ thiết kế thanh lịch phù hợp chơi Pickleball. Đế cao su bám tốt nhẹ nhàng. Size 36.,false,giày;diadora;nữ,
Giày Diadora Nishin Nữ – Size 37,699300,Lotto,giay-pickleball,999000,6,Giày thể thao Diadora Nishin nữ thiết kế thanh lịch phù hợp chơi Pickleball. Đế cao su bám tốt nhẹ nhàng. Size 37.,false,giày;diadora;nữ,
Giày Kaiwin Area Đỏ – Size 37,799500,Kaiwin,giay-pickleball,1599000,2,Giày thể thao Pickleball Kaiwin Area. Đế cao su non siêu bám sân lớp đệm êm chân. Thiết kế thể thao năng động. Màu Đỏ Size 37.,false,giày;kaiwin;area,
Giày Kaiwin Area Đỏ – Size 38,799500,Kaiwin,giay-pickleball,1599000,2,Giày thể thao Pickleball Kaiwin Area. Đế cao su non siêu bám sân lớp đệm êm chân. Thiết kế thể thao năng động. Màu Đỏ Size 38.,false,giày;kaiwin;area,
Giày Kaiwin Area Đỏ – Size 39,799500,Kaiwin,giay-pickleball,1599000,2,Giày thể thao Pickleball Kaiwin Area. Đế cao su non siêu bám sân lớp đệm êm chân. Thiết kế thể thao năng động. Màu Đỏ Size 39.,false,giày;kaiwin;area,
Giày Kaiwin Slight Đỏ – Size 39,799500,Kaiwin,giay-pickleball,1599000,1,Giày Pickleball Kaiwin Slight siêu nhẹ chỉ 280g. Đế cao su TPU bám sân tốt lớp đệm Ortholite. Màu Đỏ Size 39.,false,giày;kaiwin;slight,
Giày Kaiwin Slight Đỏ – Size 40,799500,Kaiwin,giay-pickleball,1599000,2,Giày Pickleball Kaiwin Slight siêu nhẹ chỉ 280g. Đế cao su TPU bám sân tốt lớp đệm Ortholite. Màu Đỏ Size 40.,false,giày;kaiwin;slight,
Giày Kaiwin Slight Đỏ – Size 41,799500,Kaiwin,giay-pickleball,1599000,1,Giày Pickleball Kaiwin Slight siêu nhẹ chỉ 280g. Đế cao su TPU bám sân tốt lớp đệm Ortholite. Màu Đỏ Size 41.,false,giày;kaiwin;slight,
Giày Kaiwin Slight Đỏ – Size 42,799500,Kaiwin,giay-pickleball,1599000,1,Giày Pickleball Kaiwin Slight siêu nhẹ chỉ 280g. Đế cao su TPU bám sân tốt lớp đệm Ortholite. Màu Đỏ Size 42.,false,giày;kaiwin;slight,
Giày Kaiwin Area Xanh Chuối – Size 40,799500,Kaiwin,giay-pickleball,1599000,2,Giày thể thao Pickleball Kaiwin Area. Đế cao su non siêu bám sân lớp đệm êm chân. Màu Xanh Chuối Size 40.,false,giày;kaiwin;area,
Giày Kaiwin Area Xanh Chuối – Size 41,799500,Kaiwin,giay-pickleball,1599000,3,Giày thể thao Pickleball Kaiwin Area. Đế cao su non siêu bám sân lớp đệm êm chân. Màu Xanh Chuối Size 41.,false,giày;kaiwin;area,
Giày Kaiwin Area Xanh Chuối – Size 42,799500,Kaiwin,giay-pickleball,1599000,3,Giày thể thao Pickleball Kaiwin Area. Đế cao su non siêu bám sân lớp đệm êm chân. Màu Xanh Chuối Size 42.,false,giày;kaiwin;area,
Giày Kaiwin Area Xanh Chuối – Size 43,799500,Kaiwin,giay-pickleball,1599000,2,Giày thể thao Pickleball Kaiwin Area. Đế cao su non siêu bám sân lớp đệm êm chân. Màu Xanh Chuối Size 43.,false,giày;kaiwin;area,
Giày Kaiwin Area Xanh Ngọc – Size 40,799500,Kaiwin,giay-pickleball,1599000,1,Giày thể thao Pickleball Kaiwin Area. Đế cao su non siêu bám sân lớp đệm êm chân. Màu Xanh Ngọc Size 40.,false,giày;kaiwin;area,
Giày Kaiwin Area Xanh Ngọc – Size 42,799500,Kaiwin,giay-pickleball,1599000,2,Giày thể thao Pickleball Kaiwin Area. Đế cao su non siêu bám sân lớp đệm êm chân. Màu Xanh Ngọc Size 42.,false,giày;kaiwin;area,
Giày Kaiwin Area Xanh Ngọc – Size 43,799500,Kaiwin,giay-pickleball,1599000,2,Giày thể thao Pickleball Kaiwin Area. Đế cao su non siêu bám sân lớp đệm êm chân. Màu Xanh Ngọc Size 43.,false,giày;kaiwin;area,
Giày Kaiwin Area Trắng – Size 37,799500,Kaiwin,giay-pickleball,1599000,1,Giày thể thao Pickleball Kaiwin Area. Đế cao su non siêu bám sân lớp đệm êm chân. Màu Trắng thanh lịch Size 37.,false,giày;kaiwin;area,
Giày Kaiwin Area Trắng – Size 38,799500,Kaiwin,giay-pickleball,1599000,1,Giày thể thao Pickleball Kaiwin Area. Đế cao su non siêu bám sân lớp đệm êm chân. Màu Trắng thanh lịch Size 38.,false,giày;kaiwin;area,
Giày Kaiwin Area Trắng – Size 40,799500,Kaiwin,giay-pickleball,1599000,1,Giày thể thao Pickleball Kaiwin Area. Đế cao su non siêu bám sân lớp đệm êm chân. Màu Trắng thanh lịch Size 40.,false,giày;kaiwin;area,
Giày Kaiwin Area Trắng – Size 41,799500,Kaiwin,giay-pickleball,1599000,1,Giày thể thao Pickleball Kaiwin Area. Đế cao su non siêu bám sân lớp đệm êm chân. Màu Trắng thanh lịch Size 41.,false,giày;kaiwin;area,
Giày Kaiwin Area Trắng – Size 42,799500,Kaiwin,giay-pickleball,1599000,1,Giày thể thao Pickleball Kaiwin Area. Đế cao su non siêu bám sân lớp đệm êm chân. Màu Trắng thanh lịch Size 42.,false,giày;kaiwin;area,
Balo Facolos Smash – Shell Pink,1800000,Facolos,balo-tui-xach,3000000,2,Balo Pickleball Facolos Smash cao cấp. 3 ngăn chứa vợt riêng biệt ngăn giày chống nước lớp lót chống sốc. Chất liệu Polyester 600D. Màu Shell Pink.,false,balo;facolos;smash,
Balo Facolos Smash – Gray Edition,1800000,Facolos,balo-tui-xach,3000000,2,Balo Pickleball Facolos Smash cao cấp. 3 ngăn chứa vợt riêng biệt ngăn giày chống nước lớp lót chống sốc. Chất liệu Polyester 600D. Màu Gray.,false,balo;facolos;smash,
Balo Facolos Smash – Green Glow,1800000,Facolos,balo-tui-xach,3000000,3,Balo Pickleball Facolos Smash cao cấp. 3 ngăn chứa vợt riêng biệt ngăn giày chống nước lớp lót chống sốc. Chất liệu Polyester 600D. Màu Green Glow.,false,balo;facolos;smash,
Balo Facolos Smash – Forest Mint,1800000,Facolos,balo-tui-xach,3000000,3,Balo Pickleball Facolos Smash cao cấp. 3 ngăn chứa vợt riêng biệt ngăn giày chống nước lớp lót chống sốc. Chất liệu Polyester 600D. Màu Forest Mint.,false,balo;facolos;smash,
Balo/Túi Kaiwin Diamond – Đen Vàng,949500,Kaiwin,balo-tui-xach,1899000,5,Balo/Túi Pickleball Kaiwin Diamond đa năng. Chứa được 2-3 cây vợt ngăn giày riêng chống nước. Dây đeo êm vai. Màu Đen Vàng.,false,balo;kaiwin;diamond,
Balo/Túi Kaiwin Diamond – Đỏ,949500,Kaiwin,balo-tui-xach,1899000,5,Balo/Túi Pickleball Kaiwin Diamond đa năng. Chứa được 2-3 cây vợt ngăn giày riêng chống nước. Dây đeo êm vai. Màu Đỏ.,false,balo;kaiwin;diamond,
Balo/Túi Kaiwin Diamond – Xanh Đen,949500,Kaiwin,balo-tui-xach,1899000,5,Balo/Túi Pickleball Kaiwin Diamond đa năng. Chứa được 2-3 cây vợt ngăn giày riêng chống nước. Dây đeo êm vai. Màu Xanh Đen.,false,balo;kaiwin;diamond,
Balo Soxter Chính Hãng – Trắng,1039500,Soxter,balo-tui-xach,1890000,1,Balo thể thao Pickleball Soxter chính hãng. Ngăn chứa vợt riêng ngăn giày chống nước lớp lót chống sốc. Màu Trắng thanh lịch.,false,balo;soxter,
Balo Soxter Chính Hãng – Xanh Đen,1039500,Soxter,balo-tui-xach,1890000,1,Balo thể thao Pickleball Soxter chính hãng. Ngăn chứa vợt riêng ngăn giày chống nước lớp lót chống sốc. Màu Xanh Đen.,false,balo;soxter,
Balo Soxter Chính Hãng – Đỏ,1039500,Soxter,balo-tui-xach,1890000,2,Balo thể thao Pickleball Soxter chính hãng. Ngăn chứa vợt riêng ngăn giày chống nước lớp lót chống sốc. Màu Đỏ năng động.,false,balo;soxter,
Balo Soxter Chính Hãng – Xanh Lá,1039500,Soxter,balo-tui-xach,1890000,1,Balo thể thao Pickleball Soxter chính hãng. Ngăn chứa vợt riêng ngăn giày chống nước lớp lót chống sốc. Màu Xanh Lá.,false,balo;soxter,
Balo Soxter Gen 3 – Đỏ,797500,Soxter,balo-tui-xach,1450000,5,Balo thể thao Soxter Gen 3 thế hệ mới. Thiết kế gọn nhẹ ngăn vợt riêng chống nước nhẹ. Phù hợp đi tập hàng ngày. Màu Đỏ.,false,balo;soxter;gen3,
Balo Soxter Gen 3 – Trắng,797500,Soxter,balo-tui-xach,1450000,3,Balo thể thao Soxter Gen 3 thế hệ mới. Thiết kế gọn nhẹ ngăn vợt riêng chống nước nhẹ. Phù hợp đi tập hàng ngày. Màu Trắng.,false,balo;soxter;gen3,
Balo Soxter Gen 3 – Đen,797500,Soxter,balo-tui-xach,1450000,3,Balo thể thao Soxter Gen 3 thế hệ mới. Thiết kế gọn nhẹ ngăn vợt riêng chống nước nhẹ. Phù hợp đi tập hàng ngày. Màu Đen.,false,balo;soxter;gen3,
